File,Function,LOC,SLOC-P,SLOC-L,MVG,BLOC,C&SLOC,CLOC,CWORD
C:\Users\hmunoz\Documents\Visual Studio 2015\Projects\Thesis\GUI\ClickableLabel.cpp,"ClickableLabel::ClickableLabel(QWidget* parent, Qt::WindowFlags f)",3,3,3,0,0,0,0,0,
C:\Users\hmunoz\Documents\Visual Studio 2015\Projects\Thesis\GUI\ClickableLabel.cpp,ClickableLabel::~ClickableLabel(),2,1,1,0,0,0,1,3,
C:\Users\hmunoz\Documents\Visual Studio 2015\Projects\Thesis\GUI\ClickableLabel.cpp,ClickableLabel::getROI(),2,1,1,0,0,0,1,2,
C:\Users\hmunoz\Documents\Visual Studio 2015\Projects\Thesis\GUI\ClickableLabel.cpp,ClickableLabel::passToGUI(int num),9,8,6,3,1,0,0,0,
C:\Users\hmunoz\Documents\Visual Studio 2015\Projects\Thesis\GUI\ClickableLabel.cpp,ClickableLabel::mousePressEvent(QMouseEvent* event),12,12,9,2,0,0,0,0,
C:\Users\hmunoz\Documents\Visual Studio 2015\Projects\Thesis\GUI\ClickableLabel.cpp,ClickableLabel::mouseMoveEvent(QMouseEvent * event),7,4,3,1,0,0,3,5,
C:\Users\hmunoz\Documents\Visual Studio 2015\Projects\Thesis\GUI\ClickableLabel.cpp,ClickableLabel::mouseReleaseEvent(QMouseEvent * event),11,11,8,2,0,0,0,0,
C:\Users\hmunoz\Documents\Visual Studio 2015\Projects\Thesis\GUI\ClickableLabel.cpp,ClickableLabel::showContextMenu(const QPoint &pos),10,7,7,0,1,0,2,9,
C:\Users\hmunoz\Documents\Visual Studio 2015\Projects\Thesis\GUI\ClickableLabel.cpp,ClickableLabel::setSelection(QString c),3,2,2,0,0,0,1,7,
C:\Users\hmunoz\Documents\Visual Studio 2015\Projects\Thesis\GUI\ClickableLabel.cpp,ClickableLabel::RGBHandler(),7,7,5,1,0,0,0,0,
C:\Users\hmunoz\Documents\Visual Studio 2015\Projects\Thesis\GUI\ClickableLabel.cpp,ClickableLabel::colorWidgetDestroyed(QObject *e),3,3,3,0,0,0,0,0,
C:\Users\hmunoz\Documents\Visual Studio 2015\Projects\Thesis\GUI\ClickableLabel.cpp,ClickableLabel::setPix(QString file),14,9,9,0,2,0,3,16,
C:\Users\hmunoz\Documents\Visual Studio 2015\Projects\Thesis\GUI\ClickableLabel.cpp,ClickableLabel::getPix(),2,2,2,1,0,0,0,0,
C:\Users\hmunoz\Documents\Visual Studio 2015\Projects\Thesis\GUI\ClickableLabel.cpp,ClickableLabel::getRubberbands() const,2,2,2,1,0,0,0,0,
C:\Users\hmunoz\Documents\Visual Studio 2015\Projects\Thesis\GUI\ClickableLabel.cpp,ClickableLabel::removeRubberBand(int rb),18,18,14,5,0,0,0,0,
C:\Users\hmunoz\Documents\Visual Studio 2015\Projects\Thesis\GUI\ColorChannelViewer.cpp,ColorChannelViewer::ColorChannelViewer(),3,2,2,0,1,0,0,0,
C:\Users\hmunoz\Documents\Visual Studio 2015\Projects\Thesis\GUI\ColorChannelViewer.cpp,ColorChannelViewer::~ColorChannelViewer(),1,1,1,0,0,0,0,0,
C:\Users\hmunoz\Documents\Visual Studio 2015\Projects\Thesis\GUI\ColorChannelViewer.cpp,ColorChannelViewer::init(cv::Mat image),14,11,11,0,3,0,0,0,
C:\Users\hmunoz\Documents\Visual Studio 2015\Projects\Thesis\GUI\ColorChannelViewer.cpp,"ColorChannelViewer::displayRGB(QString title, QWidget* parent)",50,39,32,2,7,0,4,26,
C:\Users\hmunoz\Documents\Visual Studio 2015\Projects\Thesis\GUI\ColorChannelViewer.cpp,ColorChannelViewer::windowDestroyed(),5,5,4,1,0,0,0,0,
C:\Users\hmunoz\Documents\Visual Studio 2015\Projects\Thesis\GUI\CPU.cpp,"CPU::CPU(QStringList filenames, const std::vector<std::unique_ptr<ResizableRubberband> > *rbs, QString saveName, bool check, bool fpsChecked, int fpsValue)",111,69,52,13,20,0,22,73,
C:\Users\hmunoz\Documents\Visual Studio 2015\Projects\Thesis\GUI\CPU.cpp,"CPU::printResults(double time, QString saveName, size_t Size)",18,13,9,3,3,0,2,6,
C:\Users\hmunoz\Documents\Visual Studio 2015\Projects\Thesis\GUI\CPU.cpp,CPU::~CPU(),1,1,1,0,0,0,0,0,
C:\Users\hmunoz\Documents\Visual Studio 2015\Projects\Thesis\GUI\CPU.cpp,CPU::snowFilterDebug(cv::Mat &roi),23,17,16,2,3,0,3,4,
C:\Users\hmunoz\Documents\Visual Studio 2015\Projects\Thesis\GUI\CPU.cpp,CPU::cloudFilterDebug(cv::Mat &roi),15,10,9,2,5,0,0,0,
C:\Users\hmunoz\Documents\Visual Studio 2015\Projects\Thesis\GUI\cvHandler.cpp,GUI::testResults(std::vector<ResizableRubberband*> rbs),99,43,33,7,17,1,39,156,
C:\Users\hmunoz\Documents\Visual Studio 2015\Projects\Thesis\GUI\cvHandler.cpp,GUI::threadExport(),22,1,1,0,1,0,20,92,
C:\Users\hmunoz\Documents\Visual Studio 2015\Projects\Thesis\GUI\cvHandler.cpp,GUI::exportData(),38,14,11,3,5,0,19,53,
C:\Users\hmunoz\Documents\Visual Studio 2015\Projects\Thesis\GUI\Export.cpp,Export::Export(QWidget *parent),12,9,8,1,2,0,1,2,
C:\Users\hmunoz\Documents\Visual Studio 2015\Projects\Thesis\GUI\Export.cpp,Export::~Export(),1,1,1,0,0,0,0,0,
C:\Users\hmunoz\Documents\Visual Studio 2015\Projects\Thesis\GUI\Export.cpp,Export::accept(),17,13,10,2,1,0,3,7,
C:\Users\hmunoz\Documents\Visual Studio 2015\Projects\Thesis\GUI\Export.cpp,Export::videoExport(int state),7,7,5,1,0,0,0,0,
C:\Users\hmunoz\Documents\Visual Studio 2015\Projects\Thesis\GUI\FileExplorer.cpp,FileExplorer::FileExplorer(),2,2,2,0,0,0,0,0,
C:\Users\hmunoz\Documents\Visual Studio 2015\Projects\Thesis\GUI\FileExplorer.cpp,FileExplorer::~FileExplorer(),3,3,3,0,0,0,0,0,
C:\Users\hmunoz\Documents\Visual Studio 2015\Projects\Thesis\GUI\GUI.cpp,GUI::GUI(QWidget *parent),18,10,10,0,4,0,4,12,
C:\Users\hmunoz\Documents\Visual Studio 2015\Projects\Thesis\GUI\GUI.cpp,GUI::loadPictures(int center),37,30,22,4,3,0,4,6,
C:\Users\hmunoz\Documents\Visual Studio 2015\Projects\Thesis\GUI\GUI.cpp,GUI::passSelection(QListWidgetItem *item),3,1,1,0,0,0,2,8,
C:\Users\hmunoz\Documents\Visual Studio 2015\Projects\Thesis\GUI\GUI.cpp,"GUI::singleImage(QLabel *image, QString file)",3,2,2,0,0,0,1,7,
C:\Users\hmunoz\Documents\Visual Studio 2015\Projects\Thesis\GUI\GUI.cpp,GUI::loadMDWindow(),4,3,3,0,0,0,1,8,
C:\Users\hmunoz\Documents\Visual Studio 2015\Projects\Thesis\GUI\GUI.cpp,GUI::loadExportWindow(QAction *t),5,4,4,0,0,0,1,1,
C:\Users\hmunoz\Documents\Visual Studio 2015\Projects\Thesis\GUI\GUI.cpp,GUI::changeHist(QRect roi),9,8,6,1,0,0,1,5,
C:\Users\hmunoz\Documents\Visual Studio 2015\Projects\Thesis\GUI\GUI.cpp,GUI::selection(QAction* action),2,2,2,0,0,0,0,0,
C:\Users\hmunoz\Documents\Visual Studio 2015\Projects\Thesis\GUI\GUI.cpp,"GUI::processSelection(int selection, bool checked, QString saveName, bool fpsChecked, int fpsValue, int numGPU)",16,15,10,3,1,0,0,0,
C:\Users\hmunoz\Documents\Visual Studio 2015\Projects\Thesis\GUI\main.cpp,"main(int argc, char *argv[])",7,5,5,1,0,0,2,5,
C:\Users\hmunoz\Documents\Visual Studio 2015\Projects\Thesis\GUI\MenuBar.cpp,GUI::on_action_Open_triggered(),20,11,8,1,3,0,6,27,
C:\Users\hmunoz\Documents\Visual Studio 2015\Projects\Thesis\GUI\MenuBar.cpp,GUI::on_action_Edit_triggered(),3,1,1,0,2,0,0,0,
C:\Users\hmunoz\Documents\Visual Studio 2015\Projects\Thesis\GUI\Metadata.cpp,Metadata::Metadata(QWidget *parent),27,24,22,0,3,0,0,0,
C:\Users\hmunoz\Documents\Visual Studio 2015\Projects\Thesis\GUI\Metadata.cpp,Metadata::~Metadata(),1,1,1,0,0,0,0,0,
C:\Users\hmunoz\Documents\Visual Studio 2015\Projects\Thesis\GUI\Metadata.cpp,Metadata::saveMetadata(),33,25,25,0,8,0,0,0,
C:\Users\hmunoz\Documents\Visual Studio 2015\Projects\Thesis\GUI\MultiGPU.cpp,"MultiGPU::MultiGPU(QStringList filenames, const std::vector< std::unique_ptr<ResizableRubberband> > *rbs, QString saveName, bool checked, bool fpsChecked, int fpsValue, int numGPU)",111,78,61,13,19,0,14,46,
C:\Users\hmunoz\Documents\Visual Studio 2015\Projects\Thesis\GUI\MultiGPU.cpp,MultiGPU::~MultiGPU(),1,1,1,0,0,0,0,0,
C:\Users\hmunoz\Documents\Visual Studio 2015\Projects\Thesis\GUI\PixmapLabel.cpp,PixmapLabel::PixmapLabel(QWidget* parent),3,3,3,0,0,0,0,0,
C:\Users\hmunoz\Documents\Visual Studio 2015\Projects\Thesis\GUI\PixmapLabel.cpp,PixmapLabel::~PixmapLabel(),2,1,1,0,1,0,0,0,
C:\Users\hmunoz\Documents\Visual Studio 2015\Projects\Thesis\GUI\PixmapLabel.cpp,PixmapLabel::setPixmapLabel(QPixmap p),4,4,4,0,0,0,0,0,
C:\Users\hmunoz\Documents\Visual Studio 2015\Projects\Thesis\GUI\PixmapLabel.cpp,PixmapLabel::mousePressEvent(QMouseEvent* event),2,2,2,0,0,0,0,0,
C:\Users\hmunoz\Documents\Visual Studio 2015\Projects\Thesis\GUI\PixmapLabel.cpp,PixmapLabel::paintEvent(QPaintEvent *event),53,10,8,2,1,0,42,144,
C:\Users\hmunoz\Documents\Visual Studio 2015\Projects\Thesis\GUI\PixmapLabel.cpp,PixmapLabel::setSelection(std::string c),2,2,2,0,0,0,0,0,
C:\Users\hmunoz\Documents\Visual Studio 2015\Projects\Thesis\GUI\PixmapLabel.cpp,generatePixmap(QSize size),11,11,11,1,0,0,0,0,
C:\Users\hmunoz\Documents\Visual Studio 2015\Projects\Thesis\GUI\ProgressBar.cpp,"ProgressBar::ProgressBar(int size, QWidget *parent)",3,3,3,0,0,0,0,0,
C:\Users\hmunoz\Documents\Visual Studio 2015\Projects\Thesis\GUI\ProgressBar.cpp,ProgressBar::~ProgressBar(),1,1,1,0,0,0,0,0,
C:\Users\hmunoz\Documents\Visual Studio 2015\Projects\Thesis\GUI\ProgressBar.cpp,ProgressBar::recieveUpdate(int i),2,2,2,0,0,0,0,0,
C:\Users\hmunoz\Documents\Visual Studio 2015\Projects\Thesis\GUI\ResizableRubberband.cpp,"ResizableRubberband::ResizableRubberband(int num, QPoint o, QWidget* parent)",26,20,20,0,2,0,4,14,
C:\Users\hmunoz\Documents\Visual Studio 2015\Projects\Thesis\GUI\ResizableRubberband.cpp,ResizableRubberband::~ResizableRubberband(),2,1,1,0,1,0,0,0,
C:\Users\hmunoz\Documents\Visual Studio 2015\Projects\Thesis\GUI\ResizableRubberband.cpp,ResizableRubberband::getFilters(),2,2,2,1,0,0,0,0,
C:\Users\hmunoz\Documents\Visual Studio 2015\Projects\Thesis\GUI\ResizableRubberband.cpp,ResizableRubberband::mousePressEvent(QMouseEvent* event),8,8,6,2,0,0,0,0,
C:\Users\hmunoz\Documents\Visual Studio 2015\Projects\Thesis\GUI\ResizableRubberband.cpp,ResizableRubberband::showContextMenu(const QPoint &pos),25,15,15,0,4,0,6,13,
C:\Users\hmunoz\Documents\Visual Studio 2015\Projects\Thesis\GUI\ResizableRubberband.cpp,"ResizableRubberband::eventFilter(QObject * object, QEvent * event)",24,24,20,7,0,0,0,0,
C:\Users\hmunoz\Documents\Visual Studio 2015\Projects\Thesis\GUI\ResizableRubberband.cpp,ResizableRubberband::resizeEvent(QResizeEvent *),2,2,2,0,0,0,0,0,
C:\Users\hmunoz\Documents\Visual Studio 2015\Projects\Thesis\GUI\ResizableRubberband.cpp,ResizableRubberband::remove(),2,2,2,0,0,0,0,0,
C:\Users\hmunoz\Documents\Visual Studio 2015\Projects\Thesis\GUI\ResizableRubberband.cpp,ResizableRubberband::changeHistogram(),2,2,2,0,0,0,0,0,
C:\Users\hmunoz\Documents\Visual Studio 2015\Projects\Thesis\GUI\ResizableRubberband.cpp,ResizableRubberband::checkFilter(),14,13,9,2,1,0,0,0,
C:\Users\hmunoz\Documents\Visual Studio 2015\Projects\Thesis\GUI\ResizableRubberband.cpp,ResizableRubberband::paintEvent(QPaintEvent *event),11,10,8,1,1,0,0,0,
C:\Users\hmunoz\Documents\Visual Studio 2015\Projects\Thesis\GUI\SingleGPU.cpp,"SingleGPU::SingleGPU(QStringList filenames, const std::vector< std::unique_ptr<ResizableRubberband> > *rbs, QString saveName, bool checked, bool fpsChecked, int fpsValue)",112,78,61,13,20,0,14,46,
C:\Users\hmunoz\Documents\Visual Studio 2015\Projects\Thesis\GUI\SingleGPU.cpp,SingleGPU::~SingleGPU(),1,1,1,0,0,0,0,0,
C:\Users\hmunoz\Documents\Visual Studio 2015\Projects\Thesis\GUI\SingleGPU.cpp,SingleGPU::snowFilterDebug(cv::cuda::GpuMat roi),35,23,22,2,7,0,5,6,
C:\Users\hmunoz\Documents\Visual Studio 2015\Projects\Thesis\GUI\SingleGPU.cpp,SingleGPU::cloudFilterDebug(cv::cuda::GpuMat roi),19,13,12,2,6,0,0,0,
C:\Users\hmunoz\Documents\Visual Studio 2015\Projects\Thesis\GUI\singleGPUCUDA.cpp,"findThreshold(cv::cuda::GpuMat b_hist, int *threshold)",15,8,6,3,1,0,6,16,
C:\Users\hmunoz\Documents\Visual Studio 2015\Projects\Thesis\GUI\singleGPUCUDA.cpp,"getThreshold(cv::cuda::GpuMat b_hist, int *threshold)",6,5,5,0,1,0,0,0,
C:\Users\hmunoz\Documents\Visual Studio 2015\Projects\Thesis\GUI\tinyxml2.cpp,"TIXML_SNPRINTF( char* buffer, size_t size, const char* format, ... )",6,6,6,1,0,0,0,0,
C:\Users\hmunoz\Documents\Visual Studio 2015\Projects\Thesis\GUI\tinyxml2.cpp,"TIXML_VSNPRINTF( char* buffer, size_t size, const char* format, va_list va )",3,3,3,1,0,0,0,0,
C:\Users\hmunoz\Documents\Visual Studio 2015\Projects\Thesis\GUI\tinyxml2.cpp,"TIXML_VSCPRINTF( const char* format, va_list va )",15,15,13,4,0,0,0,0,
C:\Users\hmunoz\Documents\Visual Studio 2015\Projects\Thesis\GUI\tinyxml2.cpp,"TIXML_VSCPRINTF( const char* format, va_list va )",4,4,4,1,0,0,0,0,
C:\Users\hmunoz\Documents\Visual Studio 2015\Projects\Thesis\GUI\tinyxml2.cpp,StrPair::~StrPair(),2,2,2,0,0,0,0,0,
C:\Users\hmunoz\Documents\Visual Studio 2015\Projects\Thesis\GUI\tinyxml2.cpp,StrPair::TransferTo( StrPair* other ),21,15,14,1,4,0,2,13,
C:\Users\hmunoz\Documents\Visual Studio 2015\Projects\Thesis\GUI\tinyxml2.cpp,StrPair::Reset(),7,7,6,1,0,0,0,0,
C:\Users\hmunoz\Documents\Visual Studio 2015\Projects\Thesis\GUI\tinyxml2.cpp,"StrPair::SetStr( const char* str, int flags )",9,9,9,0,0,0,0,0,
C:\Users\hmunoz\Documents\Visual Studio 2015\Projects\Thesis\GUI\tinyxml2.cpp,"StrPair::ParseText( char* p, const char* endTag, int strFlags, int* curLineNumPtr )",21,18,16,4,2,0,1,5,
C:\Users\hmunoz\Documents\Visual Studio 2015\Projects\Thesis\GUI\tinyxml2.cpp,StrPair::ParseName( char* p ),16,14,11,6,2,0,0,0,
C:\Users\hmunoz\Documents\Visual Studio 2015\Projects\Thesis\GUI\tinyxml2.cpp,StrPair::CollapseWhitespace(),25,21,17,5,2,3,2,26,
C:\Users\hmunoz\Documents\Visual Studio 2015\Projects\Thesis\GUI\tinyxml2.cpp,StrPair::GetStr(),97,83,64,15,3,2,11,63,
C:\Users\hmunoz\Documents\Visual Studio 2015\Projects\Thesis\GUI\tinyxml2.cpp,"XMLUtil::SetBoolSerialization(const char* writeTrue, const char* writeFalse)",6,5,5,0,1,0,0,0,
C:\Users\hmunoz\Documents\Visual Studio 2015\Projects\Thesis\GUI\tinyxml2.cpp,"XMLUtil::ReadBOM( const char* p, bool* bom )",14,13,10,4,0,0,1,3,
C:\Users\hmunoz\Documents\Visual Studio 2015\Projects\Thesis\GUI\tinyxml2.cpp,"XMLUtil::ConvertUTF32ToUTF8( unsigned long input, char* output, int* length )",49,41,31,3,3,1,5,32,
C:\Users\hmunoz\Documents\Visual Studio 2015\Projects\Thesis\GUI\tinyxml2.cpp,"XMLUtil::GetCharacterRef( const char* p, char* value, int* length )",92,77,62,18,11,0,4,14,
C:\Users\hmunoz\Documents\Visual Studio 2015\Projects\Thesis\GUI\tinyxml2.cpp,"XMLUtil::ToStr( int v, char* buffer, int bufferSize )",2,2,2,0,0,0,0,0,
C:\Users\hmunoz\Documents\Visual Studio 2015\Projects\Thesis\GUI\tinyxml2.cpp,"XMLUtil::ToStr( unsigned v, char* buffer, int bufferSize )",2,2,2,0,0,0,0,0,
C:\Users\hmunoz\Documents\Visual Studio 2015\Projects\Thesis\GUI\tinyxml2.cpp,"XMLUtil::ToStr( bool v, char* buffer, int bufferSize )",2,2,2,0,0,0,0,0,
C:\Users\hmunoz\Documents\Visual Studio 2015\Projects\Thesis\GUI\tinyxml2.cpp,"XMLUtil::ToStr( float v, char* buffer, int bufferSize )",2,2,2,0,0,0,0,0,
C:\Users\hmunoz\Documents\Visual Studio 2015\Projects\Thesis\GUI\tinyxml2.cpp,"XMLUtil::ToStr( double v, char* buffer, int bufferSize )",2,2,2,0,0,0,0,0,
C:\Users\hmunoz\Documents\Visual Studio 2015\Projects\Thesis\GUI\tinyxml2.cpp,"XMLUtil::ToStr(int64_t v, char* buffer, int bufferSize)",3,2,2,0,0,0,1,10,
C:\Users\hmunoz\Documents\Visual Studio 2015\Projects\Thesis\GUI\tinyxml2.cpp,"XMLUtil::ToInt( const char* str, int* value )",5,5,4,3,0,0,0,0,
C:\Users\hmunoz\Documents\Visual Studio 2015\Projects\Thesis\GUI\tinyxml2.cpp,"XMLUtil::ToUnsigned( const char* str, unsigned *value )",5,5,4,3,0,0,0,0,
C:\Users\hmunoz\Documents\Visual Studio 2015\Projects\Thesis\GUI\tinyxml2.cpp,"XMLUtil::ToBool( const char* str, bool* value )",15,15,12,6,0,0,0,0,
C:\Users\hmunoz\Documents\Visual Studio 2015\Projects\Thesis\GUI\tinyxml2.cpp,"XMLUtil::ToFloat( const char* str, float* value )",5,5,4,3,0,0,0,0,
C:\Users\hmunoz\Documents\Visual Studio 2015\Projects\Thesis\GUI\tinyxml2.cpp,"XMLUtil::ToDouble( const char* str, double* value )",5,5,4,3,0,0,0,0,
C:\Users\hmunoz\Documents\Visual Studio 2015\Projects\Thesis\GUI\tinyxml2.cpp,"XMLUtil::ToInt64(const char* str, int64_t* value)",7,7,6,3,0,1,0,10,
C:\Users\hmunoz\Documents\Visual Studio 2015\Projects\Thesis\GUI\tinyxml2.cpp,"XMLDocument::Identify( char* p, XMLNode** node )",66,61,59,4,4,5,1,35,
C:\Users\hmunoz\Documents\Visual Studio 2015\Projects\Thesis\GUI\tinyxml2.cpp,XMLDocument::Accept( XMLVisitor* visitor ) const,10,10,7,5,0,0,0,0,
C:\Users\hmunoz\Documents\Visual Studio 2015\Projects\Thesis\GUI\tinyxml2.cpp,XMLNode::XMLNode( XMLDocument* doc ),1,1,1,0,0,0,0,0,
C:\Users\hmunoz\Documents\Visual Studio 2015\Projects\Thesis\GUI\tinyxml2.cpp,XMLNode::~XMLNode(),5,5,4,1,0,0,0,0,
C:\Users\hmunoz\Documents\Visual Studio 2015\Projects\Thesis\GUI\tinyxml2.cpp,XMLNode::Value() const,5,4,3,3,0,0,1,9,
C:\Users\hmunoz\Documents\Visual Studio 2015\Projects\Thesis\GUI\tinyxml2.cpp,"XMLNode::SetValue( const char* str, bool staticMem )",7,7,5,1,0,0,0,0,
C:\Users\hmunoz\Documents\Visual Studio 2015\Projects\Thesis\GUI\tinyxml2.cpp,XMLNode::DeepClone(XMLDocument* target) const,10,9,8,3,1,0,0,0,
C:\Users\hmunoz\Documents\Visual Studio 2015\Projects\Thesis\GUI\tinyxml2.cpp,XMLNode::DeleteChildren(),6,6,5,1,0,0,0,0,
C:\Users\hmunoz\Documents\Visual Studio 2015\Projects\Thesis\GUI\tinyxml2.cpp,XMLNode::Unlink( XMLNode* child ),20,19,15,4,1,0,0,0,
C:\Users\hmunoz\Documents\Visual Studio 2015\Projects\Thesis\GUI\tinyxml2.cpp,XMLNode::DeleteChild( XMLNode* node ),9,9,9,0,0,0,0,0,
C:\Users\hmunoz\Documents\Visual Studio 2015\Projects\Thesis\GUI\tinyxml2.cpp,XMLNode::InsertEndChild( XMLNode* addThis ),26,23,20,4,3,0,0,0,
C:\Users\hmunoz\Documents\Visual Studio 2015\Projects\Thesis\GUI\tinyxml2.cpp,XMLNode::InsertFirstChild( XMLNode* addThis ),27,23,20,4,4,0,0,0,
C:\Users\hmunoz\Documents\Visual Studio 2015\Projects\Thesis\GUI\tinyxml2.cpp,"XMLNode::InsertAfterChild( XMLNode* afterThis, XMLNode* addThis )",32,24,20,9,3,0,5,35,
C:\Users\hmunoz\Documents\Visual Studio 2015\Projects\Thesis\GUI\tinyxml2.cpp,XMLNode::FirstChildElement( const char* name ) const,8,8,6,4,0,0,0,0,
C:\Users\hmunoz\Documents\Visual Studio 2015\Projects\Thesis\GUI\tinyxml2.cpp,XMLNode::LastChildElement( const char* name ) const,8,8,6,4,0,0,0,0,
C:\Users\hmunoz\Documents\Visual Studio 2015\Projects\Thesis\GUI\tinyxml2.cpp,XMLNode::NextSiblingElement( const char* name ) const,8,8,6,4,0,0,0,0,
C:\Users\hmunoz\Documents\Visual Studio 2015\Projects\Thesis\GUI\tinyxml2.cpp,XMLNode::PreviousSiblingElement( const char* name ) const,8,8,6,4,0,0,0,0,
C:\Users\hmunoz\Documents\Visual Studio 2015\Projects\Thesis\GUI\tinyxml2.cpp,"XMLNode::ParseDeep( char* p, StrPair* parentEndTag, int* curLineNumPtr )",101,71,52,25,8,1,22,147,
C:\Users\hmunoz\Documents\Visual Studio 2015\Projects\Thesis\GUI\tinyxml2.cpp,XMLNode::DeleteNode( XMLNode* node ),12,11,9,2,1,0,0,0,
C:\Users\hmunoz\Documents\Visual Studio 2015\Projects\Thesis\GUI\tinyxml2.cpp,XMLNode::InsertChildPreamble( XMLNode* insertThis ) const,11,10,8,1,1,0,0,0,
C:\Users\hmunoz\Documents\Visual Studio 2015\Projects\Thesis\GUI\tinyxml2.cpp,XMLNode::ToElementWithName( const char* name ) const,12,12,9,7,0,0,0,0,
C:\Users\hmunoz\Documents\Visual Studio 2015\Projects\Thesis\GUI\tinyxml2.cpp,"XMLText::ParseDeep( char* p, StrPair*, int* curLineNumPtr )",23,22,16,8,1,0,0,0,
C:\Users\hmunoz\Documents\Visual Studio 2015\Projects\Thesis\GUI\tinyxml2.cpp,XMLText::ShallowClone( XMLDocument* doc ) const,7,7,6,2,0,1,0,7,
C:\Users\hmunoz\Documents\Visual Studio 2015\Projects\Thesis\GUI\tinyxml2.cpp,XMLText::ShallowEqual( const XMLNode* compare ) const,4,4,4,1,0,0,0,0,
C:\Users\hmunoz\Documents\Visual Studio 2015\Projects\Thesis\GUI\tinyxml2.cpp,XMLText::Accept( XMLVisitor* visitor ) const,3,3,3,1,0,0,0,0,
C:\Users\hmunoz\Documents\Visual Studio 2015\Projects\Thesis\GUI\tinyxml2.cpp,XMLComment::XMLComment( XMLDocument* doc ),1,1,1,0,0,0,0,0,
C:\Users\hmunoz\Documents\Visual Studio 2015\Projects\Thesis\GUI\tinyxml2.cpp,XMLComment::~XMLComment(),1,1,1,0,0,0,0,0,
C:\Users\hmunoz\Documents\Visual Studio 2015\Projects\Thesis\GUI\tinyxml2.cpp,"XMLComment::ParseDeep( char* p, StrPair*, int* curLineNumPtr )",7,6,5,2,0,0,1,4,
C:\Users\hmunoz\Documents\Visual Studio 2015\Projects\Thesis\GUI\tinyxml2.cpp,XMLComment::ShallowClone( XMLDocument* doc ) const,6,6,5,2,0,1,0,7,
C:\Users\hmunoz\Documents\Visual Studio 2015\Projects\Thesis\GUI\tinyxml2.cpp,XMLComment::ShallowEqual( const XMLNode* compare ) const,4,4,4,1,0,0,0,0,
C:\Users\hmunoz\Documents\Visual Studio 2015\Projects\Thesis\GUI\tinyxml2.cpp,XMLComment::Accept( XMLVisitor* visitor ) const,3,3,3,1,0,0,0,0,
C:\Users\hmunoz\Documents\Visual Studio 2015\Projects\Thesis\GUI\tinyxml2.cpp,XMLDeclaration::XMLDeclaration( XMLDocument* doc ),1,1,1,0,0,0,0,0,
C:\Users\hmunoz\Documents\Visual Studio 2015\Projects\Thesis\GUI\tinyxml2.cpp,XMLDeclaration::~XMLDeclaration(),2,1,1,0,0,0,1,3,
C:\Users\hmunoz\Documents\Visual Studio 2015\Projects\Thesis\GUI\tinyxml2.cpp,"XMLDeclaration::ParseDeep( char* p, StrPair*, int* curLineNumPtr )",7,6,5,2,0,0,1,4,
C:\Users\hmunoz\Documents\Visual Studio 2015\Projects\Thesis\GUI\tinyxml2.cpp,XMLDeclaration::ShallowClone( XMLDocument* doc ) const,6,6,5,2,0,1,0,7,
C:\Users\hmunoz\Documents\Visual Studio 2015\Projects\Thesis\GUI\tinyxml2.cpp,XMLDeclaration::ShallowEqual( const XMLNode* compare ) const,4,4,4,1,0,0,0,0,
C:\Users\hmunoz\Documents\Visual Studio 2015\Projects\Thesis\GUI\tinyxml2.cpp,XMLDeclaration::Accept( XMLVisitor* visitor ) const,3,3,3,1,0,0,0,0,
C:\Users\hmunoz\Documents\Visual Studio 2015\Projects\Thesis\GUI\tinyxml2.cpp,XMLUnknown::XMLUnknown( XMLDocument* doc ),1,1,1,0,0,0,0,0,
C:\Users\hmunoz\Documents\Visual Studio 2015\Projects\Thesis\GUI\tinyxml2.cpp,XMLUnknown::~XMLUnknown(),1,1,1,0,0,0,0,0,
C:\Users\hmunoz\Documents\Visual Studio 2015\Projects\Thesis\GUI\tinyxml2.cpp,"XMLUnknown::ParseDeep( char* p, StrPair*, int* curLineNumPtr )",7,6,5,2,0,0,1,4,
C:\Users\hmunoz\Documents\Visual Studio 2015\Projects\Thesis\GUI\tinyxml2.cpp,XMLUnknown::ShallowClone( XMLDocument* doc ) const,6,6,5,2,0,1,0,7,
C:\Users\hmunoz\Documents\Visual Studio 2015\Projects\Thesis\GUI\tinyxml2.cpp,XMLUnknown::ShallowEqual( const XMLNode* compare ) const,4,4,4,1,0,0,0,0,
C:\Users\hmunoz\Documents\Visual Studio 2015\Projects\Thesis\GUI\tinyxml2.cpp,XMLUnknown::Accept( XMLVisitor* visitor ) const,3,3,3,1,0,0,0,0,
C:\Users\hmunoz\Documents\Visual Studio 2015\Projects\Thesis\GUI\tinyxml2.cpp,XMLAttribute::Name() const,2,2,2,1,0,0,0,0,
C:\Users\hmunoz\Documents\Visual Studio 2015\Projects\Thesis\GUI\tinyxml2.cpp,XMLAttribute::Value() const,2,2,2,1,0,0,0,0,
C:\Users\hmunoz\Documents\Visual Studio 2015\Projects\Thesis\GUI\tinyxml2.cpp,"XMLAttribute::ParseDeep( char* p, bool processEntities, int* curLineNumPtr )",24,18,16,7,4,2,2,25,
C:\Users\hmunoz\Documents\Visual Studio 2015\Projects\Thesis\GUI\tinyxml2.cpp,XMLAttribute::SetName( const char* n ),2,2,2,0,0,0,0,0,
C:\Users\hmunoz\Documents\Visual Studio 2015\Projects\Thesis\GUI\tinyxml2.cpp,XMLAttribute::QueryIntValue( int* value ) const,5,5,4,3,0,0,0,0,
C:\Users\hmunoz\Documents\Visual Studio 2015\Projects\Thesis\GUI\tinyxml2.cpp,XMLAttribute::QueryUnsignedValue( unsigned int* value ) const,5,5,4,3,0,0,0,0,
C:\Users\hmunoz\Documents\Visual Studio 2015\Projects\Thesis\GUI\tinyxml2.cpp,XMLAttribute::QueryInt64Value(int64_t* value) const,5,5,4,3,0,0,0,0,
C:\Users\hmunoz\Documents\Visual Studio 2015\Projects\Thesis\GUI\tinyxml2.cpp,XMLAttribute::QueryBoolValue( bool* value ) const,5,5,4,3,0,0,0,0,
C:\Users\hmunoz\Documents\Visual Studio 2015\Projects\Thesis\GUI\tinyxml2.cpp,XMLAttribute::QueryFloatValue( float* value ) const,5,5,4,3,0,0,0,0,
C:\Users\hmunoz\Documents\Visual Studio 2015\Projects\Thesis\GUI\tinyxml2.cpp,XMLAttribute::QueryDoubleValue( double* value ) const,5,5,4,3,0,0,0,0,
C:\Users\hmunoz\Documents\Visual Studio 2015\Projects\Thesis\GUI\tinyxml2.cpp,XMLAttribute::SetAttribute( const char* v ),2,2,2,0,0,0,0,0,
C:\Users\hmunoz\Documents\Visual Studio 2015\Projects\Thesis\GUI\tinyxml2.cpp,XMLAttribute::SetAttribute( int v ),4,4,4,0,0,0,0,0,
C:\Users\hmunoz\Documents\Visual Studio 2015\Projects\Thesis\GUI\tinyxml2.cpp,XMLAttribute::SetAttribute( unsigned v ),4,4,4,0,0,0,0,0,
C:\Users\hmunoz\Documents\Visual Studio 2015\Projects\Thesis\GUI\tinyxml2.cpp,XMLAttribute::SetAttribute(int64_t v),4,4,4,0,0,0,0,0,
C:\Users\hmunoz\Documents\Visual Studio 2015\Projects\Thesis\GUI\tinyxml2.cpp,XMLAttribute::SetAttribute( bool v ),4,4,4,0,0,0,0,0,
C:\Users\hmunoz\Documents\Visual Studio 2015\Projects\Thesis\GUI\tinyxml2.cpp,XMLAttribute::SetAttribute( double v ),4,4,4,0,0,0,0,0,
C:\Users\hmunoz\Documents\Visual Studio 2015\Projects\Thesis\GUI\tinyxml2.cpp,XMLAttribute::SetAttribute( float v ),4,4,4,0,0,0,0,0,
C:\Users\hmunoz\Documents\Visual Studio 2015\Projects\Thesis\GUI\tinyxml2.cpp,XMLElement::XMLElement( XMLDocument* doc ),1,1,1,0,0,0,0,0,
C:\Users\hmunoz\Documents\Visual Studio 2015\Projects\Thesis\GUI\tinyxml2.cpp,XMLElement::~XMLElement(),6,6,5,1,0,0,0,0,
C:\Users\hmunoz\Documents\Visual Studio 2015\Projects\Thesis\GUI\tinyxml2.cpp,XMLElement::FindAttribute( const char* name ) const,7,7,5,4,0,0,0,0,
C:\Users\hmunoz\Documents\Visual Studio 2015\Projects\Thesis\GUI\tinyxml2.cpp,"XMLElement::Attribute( const char* name, const char* value ) const",9,9,7,5,0,0,0,0,
C:\Users\hmunoz\Documents\Visual Studio 2015\Projects\Thesis\GUI\tinyxml2.cpp,"XMLElement::IntAttribute(const char* name, int defaultValue) const",4,4,4,1,0,0,0,0,
C:\Users\hmunoz\Documents\Visual Studio 2015\Projects\Thesis\GUI\tinyxml2.cpp,"XMLElement::UnsignedAttribute(const char* name, unsigned defaultValue) const",4,4,4,1,0,0,0,0,
C:\Users\hmunoz\Documents\Visual Studio 2015\Projects\Thesis\GUI\tinyxml2.cpp,"XMLElement::Int64Attribute(const char* name, int64_t defaultValue) const",4,4,4,1,0,0,0,0,
C:\Users\hmunoz\Documents\Visual Studio 2015\Projects\Thesis\GUI\tinyxml2.cpp,"XMLElement::BoolAttribute(const char* name, bool defaultValue) const",4,4,4,1,0,0,0,0,
C:\Users\hmunoz\Documents\Visual Studio 2015\Projects\Thesis\GUI\tinyxml2.cpp,"XMLElement::DoubleAttribute(const char* name, double defaultValue) const",4,4,4,1,0,0,0,0,
C:\Users\hmunoz\Documents\Visual Studio 2015\Projects\Thesis\GUI\tinyxml2.cpp,"XMLElement::FloatAttribute(const char* name, float defaultValue) const",4,4,4,1,0,0,0,0,
C:\Users\hmunoz\Documents\Visual Studio 2015\Projects\Thesis\GUI\tinyxml2.cpp,XMLElement::GetText() const,5,5,4,3,0,0,0,0,
C:\Users\hmunoz\Documents\Visual Studio 2015\Projects\Thesis\GUI\tinyxml2.cpp,XMLElement::SetText( const char* inText ),7,7,5,1,0,0,0,0,
C:\Users\hmunoz\Documents\Visual Studio 2015\Projects\Thesis\GUI\tinyxml2.cpp,XMLElement::SetText( int v ),4,4,4,0,0,0,0,0,
C:\Users\hmunoz\Documents\Visual Studio 2015\Projects\Thesis\GUI\tinyxml2.cpp,XMLElement::SetText( unsigned v ),4,4,4,0,0,0,0,0,
C:\Users\hmunoz\Documents\Visual Studio 2015\Projects\Thesis\GUI\tinyxml2.cpp,XMLElement::SetText(int64_t v),4,4,4,0,0,0,0,0,
C:\Users\hmunoz\Documents\Visual Studio 2015\Projects\Thesis\GUI\tinyxml2.cpp,XMLElement::SetText( bool v ),4,4,4,0,0,0,0,0,
C:\Users\hmunoz\Documents\Visual Studio 2015\Projects\Thesis\GUI\tinyxml2.cpp,XMLElement::SetText( float v ),4,4,4,0,0,0,0,0,
C:\Users\hmunoz\Documents\Visual Studio 2015\Projects\Thesis\GUI\tinyxml2.cpp,XMLElement::SetText( double v ),4,4,4,0,0,0,0,0,
C:\Users\hmunoz\Documents\Visual Studio 2015\Projects\Thesis\GUI\tinyxml2.cpp,XMLElement::QueryIntText( int* ival ) const,9,9,7,5,0,0,0,0,
C:\Users\hmunoz\Documents\Visual Studio 2015\Projects\Thesis\GUI\tinyxml2.cpp,XMLElement::QueryUnsignedText( unsigned* uval ) const,9,9,7,5,0,0,0,0,
C:\Users\hmunoz\Documents\Visual Studio 2015\Projects\Thesis\GUI\tinyxml2.cpp,XMLElement::QueryInt64Text(int64_t* ival) const,9,9,7,5,0,0,0,0,
C:\Users\hmunoz\Documents\Visual Studio 2015\Projects\Thesis\GUI\tinyxml2.cpp,XMLElement::QueryBoolText( bool* bval ) const,9,9,7,5,0,0,0,0,
C:\Users\hmunoz\Documents\Visual Studio 2015\Projects\Thesis\GUI\tinyxml2.cpp,XMLElement::QueryDoubleText( double* dval ) const,9,9,7,5,0,0,0,0,
C:\Users\hmunoz\Documents\Visual Studio 2015\Projects\Thesis\GUI\tinyxml2.cpp,XMLElement::QueryFloatText( float* fval ) const,9,9,7,5,0,0,0,0,
C:\Users\hmunoz\Documents\Visual Studio 2015\Projects\Thesis\GUI\tinyxml2.cpp,XMLElement::IntText(int defaultValue) const,4,4,4,1,0,0,0,0,
C:\Users\hmunoz\Documents\Visual Studio 2015\Projects\Thesis\GUI\tinyxml2.cpp,XMLElement::UnsignedText(unsigned defaultValue) const,4,4,4,1,0,0,0,0,
C:\Users\hmunoz\Documents\Visual Studio 2015\Projects\Thesis\GUI\tinyxml2.cpp,XMLElement::Int64Text(int64_t defaultValue) const,4,4,4,1,0,0,0,0,
C:\Users\hmunoz\Documents\Visual Studio 2015\Projects\Thesis\GUI\tinyxml2.cpp,XMLElement::BoolText(bool defaultValue) const,4,4,4,1,0,0,0,0,
C:\Users\hmunoz\Documents\Visual Studio 2015\Projects\Thesis\GUI\tinyxml2.cpp,XMLElement::DoubleText(double defaultValue) const,4,4,4,1,0,0,0,0,
C:\Users\hmunoz\Documents\Visual Studio 2015\Projects\Thesis\GUI\tinyxml2.cpp,XMLElement::FloatText(float defaultValue) const,4,4,4,1,0,0,0,0,
C:\Users\hmunoz\Documents\Visual Studio 2015\Projects\Thesis\GUI\tinyxml2.cpp,XMLElement::FindOrCreateAttribute( const char* name ),24,24,19,6,0,0,0,0,
C:\Users\hmunoz\Documents\Visual Studio 2015\Projects\Thesis\GUI\tinyxml2.cpp,XMLElement::DeleteAttribute( const char* name ),15,15,11,4,0,0,0,0,
C:\Users\hmunoz\Documents\Visual Studio 2015\Projects\Thesis\GUI\tinyxml2.cpp,"XMLElement::ParseAttributes( char* p, int* curLineNumPtr )",56,43,34,11,4,1,9,61,
C:\Users\hmunoz\Documents\Visual Studio 2015\Projects\Thesis\GUI\tinyxml2.cpp,XMLElement::DeleteAttribute( XMLAttribute* attribute ),7,7,6,1,0,0,0,0,
C:\Users\hmunoz\Documents\Visual Studio 2015\Projects\Thesis\GUI\tinyxml2.cpp,XMLElement::CreateAttribute(),7,7,7,1,0,0,0,0,
C:\Users\hmunoz\Documents\Visual Studio 2015\Projects\Thesis\GUI\tinyxml2.cpp,"XMLElement::ParseDeep( char* p, StrPair* parentEndTag, int* curLineNumPtr )",24,16,13,6,4,0,4,24,
C:\Users\hmunoz\Documents\Visual Studio 2015\Projects\Thesis\GUI\tinyxml2.cpp,XMLElement::ShallowClone( XMLDocument* doc ) const,9,9,7,3,0,2,0,14,
C:\Users\hmunoz\Documents\Visual Studio 2015\Projects\Thesis\GUI\tinyxml2.cpp,XMLElement::ShallowEqual( const XMLNode* compare ) const,22,19,15,8,2,0,1,2,
C:\Users\hmunoz\Documents\Visual Studio 2015\Projects\Thesis\GUI\tinyxml2.cpp,XMLElement::Accept( XMLVisitor* visitor ) const,10,10,7,5,0,0,0,0,
C:\Users\hmunoz\Documents\Visual Studio 2015\Projects\Thesis\GUI\tinyxml2.cpp,"XMLDocument::XMLDocument( bool processEntities, Whitespace whitespaceMode )",3,2,2,0,0,0,1,16,
C:\Users\hmunoz\Documents\Visual Studio 2015\Projects\Thesis\GUI\tinyxml2.cpp,XMLDocument::~XMLDocument(),2,2,2,0,0,0,0,0,
C:\Users\hmunoz\Documents\Visual Studio 2015\Projects\Thesis\GUI\tinyxml2.cpp,XMLDocument::MarkInUse(XMLNode* node),10,9,7,3,1,0,0,0,
C:\Users\hmunoz\Documents\Visual Studio 2015\Projects\Thesis\GUI\tinyxml2.cpp,XMLDocument::Clear(),30,26,18,2,4,1,0,8,
C:\Users\hmunoz\Documents\Visual Studio 2015\Projects\Thesis\GUI\tinyxml2.cpp,XMLDocument::DeepCopy(XMLDocument* target) const,10,9,7,2,1,1,0,5,
C:\Users\hmunoz\Documents\Visual Studio 2015\Projects\Thesis\GUI\tinyxml2.cpp,XMLDocument::NewElement( const char* name ),4,4,4,1,0,0,0,0,
C:\Users\hmunoz\Documents\Visual Studio 2015\Projects\Thesis\GUI\tinyxml2.cpp,XMLDocument::NewComment( const char* str ),4,4,4,1,0,0,0,0,
C:\Users\hmunoz\Documents\Visual Studio 2015\Projects\Thesis\GUI\tinyxml2.cpp,XMLDocument::NewText( const char* str ),4,4,4,1,0,0,0,0,
C:\Users\hmunoz\Documents\Visual Studio 2015\Projects\Thesis\GUI\tinyxml2.cpp,XMLDocument::NewDeclaration( const char* str ),4,4,4,1,0,0,0,0,
C:\Users\hmunoz\Documents\Visual Studio 2015\Projects\Thesis\GUI\tinyxml2.cpp,XMLDocument::NewUnknown( const char* str ),4,4,4,1,0,0,0,0,
C:\Users\hmunoz\Documents\Visual Studio 2015\Projects\Thesis\GUI\tinyxml2.cpp,"callfopen( const char* filepath, const char* mode )",13,13,9,3,0,0,0,0,
C:\Users\hmunoz\Documents\Visual Studio 2015\Projects\Thesis\GUI\tinyxml2.cpp,XMLDocument::DeleteNode( XMLNode* node ),15,10,8,1,0,0,5,26,
C:\Users\hmunoz\Documents\Visual Studio 2015\Projects\Thesis\GUI\tinyxml2.cpp,XMLDocument::LoadFile( const char* filename ),16,15,13,5,1,0,0,0,
C:\Users\hmunoz\Documents\Visual Studio 2015\Projects\Thesis\GUI\tinyxml2.cpp,XMLDocument::LoadFile( FILE* fp ),42,34,29,11,7,0,1,12,
C:\Users\hmunoz\Documents\Visual Studio 2015\Projects\Thesis\GUI\tinyxml2.cpp,"XMLDocument::SaveFile( const char* filename, bool compact )",15,14,12,5,1,0,0,0,
C:\Users\hmunoz\Documents\Visual Studio 2015\Projects\Thesis\GUI\tinyxml2.cpp,"XMLDocument::SaveFile( FILE* fp, bool compact )",7,5,5,1,0,0,2,15,
C:\Users\hmunoz\Documents\Visual Studio 2015\Projects\Thesis\GUI\tinyxml2.cpp,"XMLDocument::Parse( const char* p, size_t len )",27,22,19,5,2,0,3,21,
C:\Users\hmunoz\Documents\Visual Studio 2015\Projects\Thesis\GUI\tinyxml2.cpp,XMLDocument::Print( XMLPrinter* streamer ) const,8,8,6,1,0,0,0,0,
C:\Users\hmunoz\Documents\Visual Studio 2015\Projects\Thesis\GUI\tinyxml2.cpp,"XMLDocument::SetError( XMLError error, int lineNum, const char* format, ... )",23,19,18,1,4,0,0,0,
C:\Users\hmunoz\Documents\Visual Studio 2015\Projects\Thesis\GUI\tinyxml2.cpp,XMLDocument::ErrorIDToName(XMLError errorID),5,5,5,1,0,0,0,0,
C:\Users\hmunoz\Documents\Visual Studio 2015\Projects\Thesis\GUI\tinyxml2.cpp,XMLDocument::ErrorStr() const,2,2,2,1,0,0,0,0,
C:\Users\hmunoz\Documents\Visual Studio 2015\Projects\Thesis\GUI\tinyxml2.cpp,XMLDocument::PrintError() const,2,2,2,0,0,0,0,0,
C:\Users\hmunoz\Documents\Visual Studio 2015\Projects\Thesis\GUI\tinyxml2.cpp,XMLDocument::ErrorName() const,2,2,2,1,0,0,0,0,
C:\Users\hmunoz\Documents\Visual Studio 2015\Projects\Thesis\GUI\tinyxml2.cpp,XMLDocument::Parse(),13,13,12,1,0,1,0,6,
C:\Users\hmunoz\Documents\Visual Studio 2015\Projects\Thesis\GUI\tinyxml2.cpp,XMLDocument::PushDepth(),5,5,4,1,0,0,0,0,
C:\Users\hmunoz\Documents\Visual Studio 2015\Projects\Thesis\GUI\tinyxml2.cpp,XMLDocument::PopDepth(),3,3,3,0,0,0,0,0,
C:\Users\hmunoz\Documents\Visual Studio 2015\Projects\Thesis\GUI\tinyxml2.cpp,"XMLPrinter::XMLPrinter( FILE* file, bool compact, int depth )",15,15,13,2,0,1,0,6,
C:\Users\hmunoz\Documents\Visual Studio 2015\Projects\Thesis\GUI\tinyxml2.cpp,"XMLPrinter::Print( const char* format, ... )",18,16,14,1,1,1,1,12,
C:\Users\hmunoz\Documents\Visual Studio 2015\Projects\Thesis\GUI\tinyxml2.cpp,"XMLPrinter::Write( const char* data, size_t size )",9,9,7,1,0,1,0,6,
C:\Users\hmunoz\Documents\Visual Studio 2015\Projects\Thesis\GUI\tinyxml2.cpp,XMLPrinter::Putc( char ch ),9,9,7,1,0,1,0,6,
C:\Users\hmunoz\Documents\Visual Studio 2015\Projects\Thesis\GUI\tinyxml2.cpp,XMLPrinter::PrintSpace( int depth ),4,4,3,1,0,0,0,0,
C:\Users\hmunoz\Documents\Visual Studio 2015\Projects\Thesis\GUI\tinyxml2.cpp,"XMLPrinter::PrintString( const char* p, bool restricted )",51,42,32,10,1,0,8,64,
C:\Users\hmunoz\Documents\Visual Studio 2015\Projects\Thesis\GUI\tinyxml2.cpp,"XMLPrinter::PushHeader( bool writeBOM, bool writeDec )",8,8,7,2,0,0,0,0,
C:\Users\hmunoz\Documents\Visual Studio 2015\Projects\Thesis\GUI\tinyxml2.cpp,"XMLPrinter::OpenElement( const char* name, bool compactMode )",17,14,12,2,3,0,0,0,
C:\Users\hmunoz\Documents\Visual Studio 2015\Projects\Thesis\GUI\tinyxml2.cpp,"XMLPrinter::PushAttribute( const char* name, const char* value )",7,7,7,0,0,0,0,0,
C:\Users\hmunoz\Documents\Visual Studio 2015\Projects\Thesis\GUI\tinyxml2.cpp,"XMLPrinter::PushAttribute( const char* name, int v )",4,4,4,0,0,0,0,0,
C:\Users\hmunoz\Documents\Visual Studio 2015\Projects\Thesis\GUI\tinyxml2.cpp,"XMLPrinter::PushAttribute( const char* name, unsigned v )",4,4,4,0,0,0,0,0,
C:\Users\hmunoz\Documents\Visual Studio 2015\Projects\Thesis\GUI\tinyxml2.cpp,"XMLPrinter::PushAttribute(const char* name, int64_t v)",4,4,4,0,0,0,0,0,
C:\Users\hmunoz\Documents\Visual Studio 2015\Projects\Thesis\GUI\tinyxml2.cpp,"XMLPrinter::PushAttribute( const char* name, bool v )",4,4,4,0,0,0,0,0,
C:\Users\hmunoz\Documents\Visual Studio 2015\Projects\Thesis\GUI\tinyxml2.cpp,"XMLPrinter::PushAttribute( const char* name, double v )",4,4,4,0,0,0,0,0,
C:\Users\hmunoz\Documents\Visual Studio 2015\Projects\Thesis\GUI\tinyxml2.cpp,XMLPrinter::CloseElement( bool compactMode ),24,22,17,4,2,0,0,0,
C:\Users\hmunoz\Documents\Visual Studio 2015\Projects\Thesis\GUI\tinyxml2.cpp,XMLPrinter::SealElementIfJustOpened(),6,6,5,1,0,0,0,0,
C:\Users\hmunoz\Documents\Visual Studio 2015\Projects\Thesis\GUI\tinyxml2.cpp,"XMLPrinter::PushText( const char* text, bool cdata )",12,11,9,1,1,0,0,0,
C:\Users\hmunoz\Documents\Visual Studio 2015\Projects\Thesis\GUI\tinyxml2.cpp,XMLPrinter::PushText( int64_t value ),4,4,4,0,0,0,0,0,
C:\Users\hmunoz\Documents\Visual Studio 2015\Projects\Thesis\GUI\tinyxml2.cpp,XMLPrinter::PushText( int value ),4,4,4,0,0,0,0,0,
C:\Users\hmunoz\Documents\Visual Studio 2015\Projects\Thesis\GUI\tinyxml2.cpp,XMLPrinter::PushText( unsigned value ),4,4,4,0,0,0,0,0,
C:\Users\hmunoz\Documents\Visual Studio 2015\Projects\Thesis\GUI\tinyxml2.cpp,XMLPrinter::PushText( bool value ),4,4,4,0,0,0,0,0,
C:\Users\hmunoz\Documents\Visual Studio 2015\Projects\Thesis\GUI\tinyxml2.cpp,XMLPrinter::PushText( float value ),4,4,4,0,0,0,0,0,
C:\Users\hmunoz\Documents\Visual Studio 2015\Projects\Thesis\GUI\tinyxml2.cpp,XMLPrinter::PushText( double value ),4,4,4,0,0,0,0,0,
C:\Users\hmunoz\Documents\Visual Studio 2015\Projects\Thesis\GUI\tinyxml2.cpp,XMLPrinter::PushComment( const char* comment ),11,10,9,1,1,0,0,0,
C:\Users\hmunoz\Documents\Visual Studio 2015\Projects\Thesis\GUI\tinyxml2.cpp,XMLPrinter::PushDeclaration( const char* value ),11,10,9,1,1,0,0,0,
C:\Users\hmunoz\Documents\Visual Studio 2015\Projects\Thesis\GUI\tinyxml2.cpp,XMLPrinter::PushUnknown( const char* value ),11,10,9,1,1,0,0,0,
C:\Users\hmunoz\Documents\Visual Studio 2015\Projects\Thesis\GUI\tinyxml2.cpp,XMLPrinter::VisitEnter( const XMLDocument& doc ),6,6,5,2,0,0,0,0,
C:\Users\hmunoz\Documents\Visual Studio 2015\Projects\Thesis\GUI\tinyxml2.cpp,"XMLPrinter::VisitEnter( const XMLElement& element, const XMLAttribute* attribute )",12,12,10,3,0,0,0,0,
C:\Users\hmunoz\Documents\Visual Studio 2015\Projects\Thesis\GUI\tinyxml2.cpp,XMLPrinter::VisitExit( const XMLElement& element ),3,3,3,1,0,0,0,0,
C:\Users\hmunoz\Documents\Visual Studio 2015\Projects\Thesis\GUI\tinyxml2.cpp,XMLPrinter::Visit( const XMLText& text ),3,3,3,1,0,0,0,0,
C:\Users\hmunoz\Documents\Visual Studio 2015\Projects\Thesis\GUI\tinyxml2.cpp,XMLPrinter::Visit( const XMLComment& comment ),3,3,3,1,0,0,0,0,
C:\Users\hmunoz\Documents\Visual Studio 2015\Projects\Thesis\GUI\tinyxml2.cpp,XMLPrinter::Visit( const XMLDeclaration& declaration ),3,3,3,1,0,0,0,0,
C:\Users\hmunoz\Documents\Visual Studio 2015\Projects\Thesis\GUI\tinyxml2.cpp,XMLPrinter::Visit( const XMLUnknown& unknown ),3,3,3,1,0,0,0,0,
C:\Users\hmunoz\Documents\Visual Studio 2015\Projects\Thesis\GUI\GeneratedFiles\qrc_GUI.cpp,QT_RCC_MANGLE_NAMESPACE(qInitResources_GUI)(),2,2,2,1,0,0,0,0,
C:\Users\hmunoz\Documents\Visual Studio 2015\Projects\Thesis\GUI\GeneratedFiles\qrc_GUI.cpp,QT_RCC_MANGLE_NAMESPACE(qCleanupResources_GUI)(),2,2,2,1,0,0,0,0,
C:\Users\hmunoz\Documents\Visual Studio 2015\Projects\Thesis\GUI\GeneratedFiles\Debug\moc_ClickableLabel.cpp,"ClickableLabel::qt_static_metacall(QObject *_o, QMetaObject::Call _c, int _id, void **_a)",42,42,33,5,0,0,0,0,
C:\Users\hmunoz\Documents\Visual Studio 2015\Projects\Thesis\GUI\GeneratedFiles\Debug\moc_ClickableLabel.cpp,ClickableLabel::metaObject() const,2,2,2,1,0,0,0,0,
C:\Users\hmunoz\Documents\Visual Studio 2015\Projects\Thesis\GUI\GeneratedFiles\Debug\moc_ClickableLabel.cpp,ClickableLabel::qt_metacast(const char *_clname),5,5,4,4,0,0,0,0,
C:\Users\hmunoz\Documents\Visual Studio 2015\Projects\Thesis\GUI\GeneratedFiles\Debug\moc_ClickableLabel.cpp,"ClickableLabel::qt_metacall(QMetaObject::Call _c, int _id, void **_a)",14,14,10,6,0,0,0,0,
C:\Users\hmunoz\Documents\Visual Studio 2015\Projects\Thesis\GUI\GeneratedFiles\Debug\moc_ClickableLabel.cpp,ClickableLabel::clicked(),2,2,2,0,0,0,0,0,
C:\Users\hmunoz\Documents\Visual Studio 2015\Projects\Thesis\GUI\GeneratedFiles\Debug\moc_ClickableLabel.cpp,ClickableLabel::GUIPass(QRect _t1),3,3,4,0,0,0,0,0,
C:\Users\hmunoz\Documents\Visual Studio 2015\Projects\Thesis\GUI\GeneratedFiles\Debug\moc_ClickableLabel.cpp,ClickableLabel::pixChange(cv::Mat _t1),3,3,4,0,0,0,0,0,
C:\Users\hmunoz\Documents\Visual Studio 2015\Projects\Thesis\GUI\GeneratedFiles\Debug\moc_CPU.cpp,"CPU::qt_static_metacall(QObject *_o, QMetaObject::Call _c, int _id, void **_a)",19,19,14,3,0,0,0,0,
C:\Users\hmunoz\Documents\Visual Studio 2015\Projects\Thesis\GUI\GeneratedFiles\Debug\moc_CPU.cpp,CPU::metaObject() const,2,2,2,1,0,0,0,0,
C:\Users\hmunoz\Documents\Visual Studio 2015\Projects\Thesis\GUI\GeneratedFiles\Debug\moc_CPU.cpp,CPU::qt_metacast(const char *_clname),5,5,4,4,0,0,0,0,
C:\Users\hmunoz\Documents\Visual Studio 2015\Projects\Thesis\GUI\GeneratedFiles\Debug\moc_CPU.cpp,"CPU::qt_metacall(QMetaObject::Call _c, int _id, void **_a)",14,14,10,6,0,0,0,0,
C:\Users\hmunoz\Documents\Visual Studio 2015\Projects\Thesis\GUI\GeneratedFiles\Debug\moc_CPU.cpp,CPU::progress(int _t1),3,3,4,0,0,0,0,0,
C:\Users\hmunoz\Documents\Visual Studio 2015\Projects\Thesis\GUI\GeneratedFiles\Debug\moc_Export.cpp,"Export::qt_static_metacall(QObject *_o, QMetaObject::Call _c, int _id, void **_a)",21,21,16,3,0,0,0,0,
C:\Users\hmunoz\Documents\Visual Studio 2015\Projects\Thesis\GUI\GeneratedFiles\Debug\moc_Export.cpp,Export::metaObject() const,2,2,2,1,0,0,0,0,
C:\Users\hmunoz\Documents\Visual Studio 2015\Projects\Thesis\GUI\GeneratedFiles\Debug\moc_Export.cpp,Export::qt_metacast(const char *_clname),5,5,4,4,0,0,0,0,
C:\Users\hmunoz\Documents\Visual Studio 2015\Projects\Thesis\GUI\GeneratedFiles\Debug\moc_Export.cpp,"Export::qt_metacall(QMetaObject::Call _c, int _id, void **_a)",14,14,10,6,0,0,0,0,
C:\Users\hmunoz\Documents\Visual Studio 2015\Projects\Thesis\GUI\GeneratedFiles\Debug\moc_Export.cpp,"Export::choice(int _t1, bool _t2, QString _t3, bool _t4, int _t5)",3,3,4,0,0,0,0,0,
C:\Users\hmunoz\Documents\Visual Studio 2015\Projects\Thesis\GUI\GeneratedFiles\Debug\moc_GUI.cpp,"GUI::qt_static_metacall(QObject *_o, QMetaObject::Call _c, int _id, void **_a)",56,56,42,9,0,0,0,0,
C:\Users\hmunoz\Documents\Visual Studio 2015\Projects\Thesis\GUI\GeneratedFiles\Debug\moc_GUI.cpp,GUI::metaObject() const,2,2,2,1,0,0,0,0,
C:\Users\hmunoz\Documents\Visual Studio 2015\Projects\Thesis\GUI\GeneratedFiles\Debug\moc_GUI.cpp,GUI::qt_metacast(const char *_clname),5,5,4,4,0,0,0,0,
C:\Users\hmunoz\Documents\Visual Studio 2015\Projects\Thesis\GUI\GeneratedFiles\Debug\moc_GUI.cpp,"GUI::qt_metacall(QMetaObject::Call _c, int _id, void **_a)",14,14,10,6,0,0,0,0,
C:\Users\hmunoz\Documents\Visual Studio 2015\Projects\Thesis\GUI\GeneratedFiles\Debug\moc_GUI.cpp,GUI::imageSet(cv::Mat _t1),3,3,4,0,0,0,0,0,
C:\Users\hmunoz\Documents\Visual Studio 2015\Projects\Thesis\GUI\GeneratedFiles\Debug\moc_GUI.cpp,GUI::onChange(QString _t1),3,3,4,0,0,0,0,0,
C:\Users\hmunoz\Documents\Visual Studio 2015\Projects\Thesis\GUI\GeneratedFiles\Debug\moc_Metadata.cpp,"Metadata::qt_static_metacall(QObject *_o, QMetaObject::Call _c, int _id, void **_a)",10,10,7,2,0,0,0,0,
C:\Users\hmunoz\Documents\Visual Studio 2015\Projects\Thesis\GUI\GeneratedFiles\Debug\moc_Metadata.cpp,Metadata::metaObject() const,2,2,2,1,0,0,0,0,
C:\Users\hmunoz\Documents\Visual Studio 2015\Projects\Thesis\GUI\GeneratedFiles\Debug\moc_Metadata.cpp,Metadata::qt_metacast(const char *_clname),5,5,4,4,0,0,0,0,
C:\Users\hmunoz\Documents\Visual Studio 2015\Projects\Thesis\GUI\GeneratedFiles\Debug\moc_Metadata.cpp,"Metadata::qt_metacall(QMetaObject::Call _c, int _id, void **_a)",14,14,10,6,0,0,0,0,
C:\Users\hmunoz\Documents\Visual Studio 2015\Projects\Thesis\GUI\GeneratedFiles\Debug\moc_ProgressBar.cpp,"ProgressBar::qt_static_metacall(QObject *_o, QMetaObject::Call _c, int _id, void **_a)",9,9,6,2,0,0,0,0,
C:\Users\hmunoz\Documents\Visual Studio 2015\Projects\Thesis\GUI\GeneratedFiles\Debug\moc_ProgressBar.cpp,ProgressBar::metaObject() const,2,2,2,1,0,0,0,0,
C:\Users\hmunoz\Documents\Visual Studio 2015\Projects\Thesis\GUI\GeneratedFiles\Debug\moc_ProgressBar.cpp,ProgressBar::qt_metacast(const char *_clname),5,5,4,4,0,0,0,0,
C:\Users\hmunoz\Documents\Visual Studio 2015\Projects\Thesis\GUI\GeneratedFiles\Debug\moc_ProgressBar.cpp,"ProgressBar::qt_metacall(QMetaObject::Call _c, int _id, void **_a)",14,14,10,6,0,0,0,0,
C:\Users\hmunoz\Documents\Visual Studio 2015\Projects\Thesis\GUI\GeneratedFiles\Debug\moc_ResizableRubberband.cpp,"ResizableRubberband::qt_static_metacall(QObject *_o, QMetaObject::Call _c, int _id, void **_a)",39,39,30,5,0,0,0,0,
C:\Users\hmunoz\Documents\Visual Studio 2015\Projects\Thesis\GUI\GeneratedFiles\Debug\moc_ResizableRubberband.cpp,ResizableRubberband::metaObject() const,2,2,2,1,0,0,0,0,
C:\Users\hmunoz\Documents\Visual Studio 2015\Projects\Thesis\GUI\GeneratedFiles\Debug\moc_ResizableRubberband.cpp,ResizableRubberband::qt_metacast(const char *_clname),5,5,4,4,0,0,0,0,
C:\Users\hmunoz\Documents\Visual Studio 2015\Projects\Thesis\GUI\GeneratedFiles\Debug\moc_ResizableRubberband.cpp,"ResizableRubberband::qt_metacall(QMetaObject::Call _c, int _id, void **_a)",14,14,10,6,0,0,0,0,
C:\Users\hmunoz\Documents\Visual Studio 2015\Projects\Thesis\GUI\GeneratedFiles\Debug\moc_ResizableRubberband.cpp,ResizableRubberband::sendNumber(int _t1),3,3,4,0,0,0,0,0,
C:\Users\hmunoz\Documents\Visual Studio 2015\Projects\Thesis\GUI\GeneratedFiles\Debug\moc_ResizableRubberband.cpp,ResizableRubberband::focusReceived(),2,2,2,0,0,0,0,0,
C:\Users\hmunoz\Documents\Visual Studio 2015\Projects\Thesis\GUI\GeneratedFiles\Debug\moc_ResizableRubberband.cpp,ResizableRubberband::toParentLabel(int _t1),3,3,4,0,0,0,0,0,
C:\Users\hmunoz\Documents\Visual Studio 2015\Projects\Thesis\GUI\GeneratedFiles\Debug\moc_ToolBoxHandler.cpp,"ToolBoxHandler::qt_static_metacall(QObject *_o, QMetaObject::Call _c, int _id, void **_a)",10,10,7,2,0,0,0,0,
C:\Users\hmunoz\Documents\Visual Studio 2015\Projects\Thesis\GUI\GeneratedFiles\Debug\moc_ToolBoxHandler.cpp,ToolBoxHandler::metaObject() const,2,2,2,1,0,0,0,0,
C:\Users\hmunoz\Documents\Visual Studio 2015\Projects\Thesis\GUI\GeneratedFiles\Debug\moc_ToolBoxHandler.cpp,ToolBoxHandler::qt_metacast(const char *_clname),5,5,4,4,0,0,0,0,
C:\Users\hmunoz\Documents\Visual Studio 2015\Projects\Thesis\GUI\GeneratedFiles\Debug\moc_ToolBoxHandler.cpp,"ToolBoxHandler::qt_metacall(QMetaObject::Call _c, int _id, void **_a)",14,14,10,6,0,0,0,0,
